id;passport_data;version;created_date
1;../fake-data/blob/hipster.txt;24874;2026-01-05T01:06:35
2;../fake-data/blob/hipster.txt;25075;2026-01-05T06:01:03
3;../fake-data/blob/hipster.txt;23653;2026-01-05T06:40:51
4;../fake-data/blob/hipster.txt;119;2026-01-05T13:09:39
5;../fake-data/blob/hipster.txt;5824;2026-01-05T08:36:43
6;../fake-data/blob/hipster.txt;9291;2026-01-05T16:12:40
7;../fake-data/blob/hipster.txt;12934;2026-01-05T02:22:09
8;../fake-data/blob/hipster.txt;32124;2026-01-05T12:49:56
9;../fake-data/blob/hipster.txt;29738;2026-01-05T00:34:51
10;../fake-data/blob/hipster.txt;1377;2026-01-05T12:42:05
